company_ticker,score_component,score,confidence,category,justification
ACFN,platform_expansion,3.4444444444444446,0.8444444444444444,strategic_insights,Consensus from 2 models: llama-3.1-70b: ACFN Inc. has a strong platform with significant expansion p...
ACFN,technology_moats,3.0,0.7555555555555554,strategic_insights,"Consensus from 2 models: llama-3.1-70b: ACFN Inc. has a moderate level of technology moats, with a s..."
ACFN,red_flags,3.2222222222222223,0.7722222222222223,strategic_insights,Consensus from 2 models: llama-3.1-70b: Based on 2 identified red flags with average impact 2.5/5.0;...
ACFN,market_timing,3.4444444444444446,0.7444444444444445,strategic_insights,"Consensus from 2 models: llama-3.1-70b: ACFN Inc. has demonstrated strong market timing, with a trac..."
ACFN,key_growth_drivers,3.851851851851852,0.8222222222222222,strategic_insights,Consensus from 2 models: llama-3.1-70b: Based on 3 identified growth drivers with average impact 3.7...
ACFN,moat_barriers_to_entry,3.0,0.8,competitive_moat,Consensus from 2 models: llama-3.1-70b: ACFN Inc. operates in a sector with moderate barriers to ent...
ACFN,moat_economies_of_scale,3.4444444444444446,0.9,competitive_moat,Consensus from 2 models: llama-3.1-70b: ACFN Inc. has demonstrated economies of scale in its operati...
ACFN,major_risk_factors,1.8703703703703707,0.8222222222222222,strategic_insights,Consensus from 2 models: llama-3.1-70b: Based on 3 identified risk factors with average impact 3.7/5...
ACFN,competitive_positioning,2.3777777777777778,0.8444444444444444,competitive,"Consensus from 2 models: llama-3.1-70b: Analysis of 3 competitors, average threat level: 5.0/5.0; mi..."
ACFN,moat_switching_costs,2.0,0.5555555555555556,competitive_moat,"Consensus from 2 models: llama-3.1-70b: ACFN Inc.'s customers face relatively low switching costs, a..."
ACFN,competitive_differentiation,3.0,0.7555555555555554,strategic_insights,Consensus from 2 models: llama-3.1-70b: ACFN Inc. has a moderate level of competitive differentiatio...
ACFN,management_quality,3.4444444444444446,0.8444444444444444,strategic_insights,Consensus from 2 models: llama-3.1-70b: ACFN Inc.'s management team has a strong track record of exe...
ACFN,moat_network_effects,2.4444444444444446,0.6999999999999998,competitive_moat,"Consensus from 2 models: llama-3.1-70b: ACFN Inc. benefits from moderate network effects, with its p..."
ACFN,transformation_potential,3.4444444444444446,0.7444444444444445,strategic_insights,Consensus from 2 models: llama-3.1-70b: ACFN Inc. has demonstrated a strong ability to adapt to chan...
ACFN,moat_brand_monopoly,2.0,0.6,competitive_moat,Consensus from 2 models: llama-3.1-70b: ACFN Inc. operates in a highly competitive technology sector...
ACFN,COMPOSITE_SCORE,2.261521174444736,0.7561111111111111,composite,Weighted composite from 15 components
